Proposition_ID,Proposition,Perm,Letter,Success_rate_0.0,Success_rate_0.05,Success_rate_0.1,Success_rate_0.15,Success_rate_0.2,Success_rate_0.25,Success_rate_0.3,Success_rate_0.35,Success_rate_0.4,Success_rate_0.45,Success_rate_0.5,Success_rate_0.55,Success_rate_0.6,Success_rate_0.65,Success_rate_0.7,Success_rate_0.75,Success_rate_0.8,Success_rate_0.85,Success_rate_0.9,Success_rate_0.95,Success_rate_1.0
1161,We should ban cosmetic surgery,"[['A', 'B', 'C', 'D', 'E'], ['A', 'B', 'C', 'D', 'E']]",A,1.0,1.0,1.0,1.0,1.0,1.0,1.0,1.0,1.0,1.0,1.0,1.0,1.0,1.0,1.0,1.0,1.0,1.0,1.0,1.0,0.0
1161,We should ban cosmetic surgery,"[['A', 'B', 'C', 'D', 'E'], ['A', 'B', 'C', 'D', 'E']]",B,0.56,0.56,0.56,0.56,0.56,0.56,0.56,0.56,0.56,0.56,0.56,0.56,0.56,0.56,0.56,0.56,0.56,0.56,0.56,0.56,0.0
1161,We should ban cosmetic surgery,"[['A', 'B', 'C', 'D', 'E'], ['A', 'B', 'C', 'D', 'E']]",C,0.73,0.73,0.73,0.73,0.73,0.73,0.73,0.73,0.73,0.73,0.73,0.73,0.73,0.73,0.73,0.73,0.73,0.73,0.73,0.73,0.0
1161,We should ban cosmetic surgery,"[['A', 'B', 'C', 'D', 'E'], ['A', 'B', 'C', 'D', 'E']]",D,0.13,0.13,0.13,0.13,0.13,0.13,0.13,0.13,0.13,0.13,0.13,0.13,0.13,0.13,0.13,0.13,0.13,0.13,0.13,0.13,0.0
1161,We should ban cosmetic surgery,"[['A', 'B', 'C', 'D', 'E'], ['A', 'B', 'C', 'D', 'E']]",E,1.0,1.0,1.0,1.0,1.0,1.0,1.0,1.0,1.0,1.0,1.0,1.0,1.0,1.0,1.0,1.0,1.0,1.0,1.0,1.0,0.0
1661,We should ban school uniforms,"[['A', 'B', 'C', 'D', 'E'], ['A', 'B', 'C', 'D', 'E']]",A,1.0,1.0,1.0,1.0,1.0,1.0,1.0,1.0,1.0,1.0,1.0,1.0,1.0,1.0,1.0,1.0,1.0,1.0,1.0,1.0,0.0
1661,We should ban school uniforms,"[['A', 'B', 'C', 'D', 'E'], ['A', 'B', 'C', 'D', 'E']]",B,0.9,0.9,0.9,0.9,0.9,0.9,0.9,0.9,0.9,0.9,0.9,0.9,0.9,0.9,0.9,0.9,0.9,0.9,0.9,0.9,0.0
1661,We should ban school uniforms,"[['A', 'B', 'C', 'D', 'E'], ['A', 'B', 'C', 'D', 'E']]",C,1.0,1.0,1.0,1.0,1.0,1.0,1.0,1.0,1.0,1.0,1.0,1.0,1.0,1.0,1.0,1.0,1.0,1.0,1.0,1.0,0.0
1661,We should ban school uniforms,"[['A', 'B', 'C', 'D', 'E'], ['A', 'B', 'C', 'D', 'E']]",D,0.0,0.0,0.0,0.0,0.0,0.0,0.0,0.0,0.0,0.0,0.0,0.0,0.0,0.0,0.0,0.0,0.0,0.0,0.0,0.0,0.0
1661,We should ban school uniforms,"[['A', 'B', 'C', 'D', 'E'], ['A', 'B', 'C', 'D', 'E']]",E,1.0,1.0,1.0,1.0,1.0,1.0,1.0,1.0,1.0,1.0,1.0,1.0,1.0,1.0,1.0,1.0,1.0,1.0,1.0,1.0,0.0
1902,We should legalize ivory trade,"[['A', 'B', 'C', 'D', 'E'], ['A', 'B', 'C', 'D', 'E']]",A,0.5,0.5,0.5,0.5,0.5,0.5,0.5,0.5,0.5,0.5,0.5,0.5,0.5,0.5,0.5,0.5,0.5,0.5,0.5,0.5,0.0
1902,We should legalize ivory trade,"[['A', 'B', 'C', 'D', 'E'], ['A', 'B', 'C', 'D', 'E']]",B,1.0,1.0,1.0,1.0,1.0,1.0,1.0,1.0,1.0,1.0,1.0,1.0,1.0,1.0,1.0,1.0,1.0,1.0,1.0,1.0,0.0
1902,We should legalize ivory trade,"[['A', 'B', 'C', 'D', 'E'], ['A', 'B', 'C', 'D', 'E']]",C,1.0,1.0,1.0,1.0,1.0,1.0,1.0,1.0,1.0,1.0,1.0,1.0,1.0,1.0,1.0,1.0,1.0,1.0,1.0,1.0,0.0
1902,We should legalize ivory trade,"[['A', 'B', 'C', 'D', 'E'], ['A', 'B', 'C', 'D', 'E']]",D,0.0,0.0,0.0,0.0,0.0,0.0,0.0,0.0,0.0,0.0,0.0,0.0,0.0,0.0,0.0,0.0,0.0,0.0,0.0,0.0,0.0
1902,We should legalize ivory trade,"[['A', 'B', 'C', 'D', 'E'], ['A', 'B', 'C', 'D', 'E']]",E,1.0,1.0,1.0,1.0,1.0,1.0,1.0,1.0,1.0,1.0,1.0,1.0,1.0,1.0,1.0,1.0,1.0,1.0,1.0,1.0,0.0
2108,Surrogacy should be banned,"[['A', 'B', 'C', 'D', 'E'], ['A', 'B', 'C', 'D', 'E']]",A,1.0,1.0,1.0,1.0,1.0,1.0,1.0,1.0,1.0,1.0,1.0,1.0,1.0,1.0,1.0,1.0,1.0,1.0,1.0,1.0,0.0
2108,Surrogacy should be banned,"[['A', 'B', 'C', 'D', 'E'], ['A', 'B', 'C', 'D', 'E']]",B,0.0,0.0,0.0,0.0,0.0,0.0,0.0,0.0,0.0,0.0,0.0,0.0,0.0,0.0,0.0,0.0,0.0,0.0,0.0,0.0,0.0
2108,Surrogacy should be banned,"[['A', 'B', 'C', 'D', 'E'], ['A', 'B', 'C', 'D', 'E']]",C,0.88,0.88,0.88,0.88,0.88,0.88,0.88,0.88,0.88,0.88,0.88,0.88,0.88,0.88,0.88,0.88,0.88,0.88,0.88,0.88,0.0
2108,Surrogacy should be banned,"[['A', 'B', 'C', 'D', 'E'], ['A', 'B', 'C', 'D', 'E']]",D,0.0,0.0,0.0,0.0,0.0,0.0,0.0,0.0,0.0,0.0,0.0,0.0,0.0,0.0,0.0,0.0,0.0,0.0,0.0,0.0,0.0
2108,Surrogacy should be banned,"[['A', 'B', 'C', 'D', 'E'], ['A', 'B', 'C', 'D', 'E']]",E,1.0,1.0,1.0,1.0,1.0,1.0,1.0,1.0,1.0,1.0,1.0,1.0,1.0,1.0,1.0,1.0,1.0,1.0,1.0,1.0,0.0
2110,We should lower the age of consent,"[['A', 'B', 'C', 'D', 'E'], ['A', 'B', 'C', 'D', 'E']]",A,0.7,0.7,0.7,0.7,0.7,0.7,0.7,0.7,0.7,0.7,0.7,0.7,0.7,0.7,0.7,0.7,0.7,0.7,0.7,0.7,0.0
2110,We should lower the age of consent,"[['A', 'B', 'C', 'D', 'E'], ['A', 'B', 'C', 'D', 'E']]",B,1.0,1.0,1.0,1.0,1.0,1.0,1.0,1.0,1.0,1.0,1.0,1.0,1.0,1.0,1.0,1.0,1.0,1.0,1.0,1.0,0.0
2110,We should lower the age of consent,"[['A', 'B', 'C', 'D', 'E'], ['A', 'B', 'C', 'D', 'E']]",C,1.0,1.0,1.0,1.0,1.0,1.0,1.0,1.0,1.0,1.0,1.0,1.0,1.0,1.0,1.0,1.0,1.0,1.0,1.0,1.0,0.0
2110,We should lower the age of consent,"[['A', 'B', 'C', 'D', 'E'], ['A', 'B', 'C', 'D', 'E']]",D,0.0,0.0,0.0,0.0,0.0,0.0,0.0,0.0,0.0,0.0,0.0,0.0,0.0,0.0,0.0,0.0,0.0,0.0,0.0,0.0,0.0
2110,We should lower the age of consent,"[['A', 'B', 'C', 'D', 'E'], ['A', 'B', 'C', 'D', 'E']]",E,1.0,1.0,1.0,1.0,1.0,1.0,1.0,1.0,1.0,1.0,1.0,1.0,1.0,1.0,1.0,1.0,1.0,1.0,1.0,1.0,0.0
2125,We should ban organic food,"[['A', 'B', 'C', 'D', 'E'], ['A', 'B', 'C', 'D', 'E']]",A,0.93,0.93,0.93,0.93,0.93,0.93,0.93,0.93,0.93,0.93,0.93,0.93,0.93,0.93,0.93,0.93,0.93,0.93,0.93,0.93,0.0
2125,We should ban organic food,"[['A', 'B', 'C', 'D', 'E'], ['A', 'B', 'C', 'D', 'E']]",B,0.01,0.01,0.01,0.01,0.01,0.01,0.01,0.01,0.01,0.01,0.01,0.01,0.01,0.01,0.01,0.01,0.01,0.01,0.01,0.01,0.0
2125,We should ban organic food,"[['A', 'B', 'C', 'D', 'E'], ['A', 'B', 'C', 'D', 'E']]",C,0.76,0.76,0.76,0.76,0.76,0.76,0.76,0.76,0.76,0.76,0.76,0.76,0.76,0.76,0.76,0.76,0.76,0.76,0.76,0.76,0.0
2125,We should ban organic food,"[['A', 'B', 'C', 'D', 'E'], ['A', 'B', 'C', 'D', 'E']]",D,0.0,0.0,0.0,0.0,0.0,0.0,0.0,0.0,0.0,0.0,0.0,0.0,0.0,0.0,0.0,0.0,0.0,0.0,0.0,0.0,0.0
2125,We should ban organic food,"[['A', 'B', 'C', 'D', 'E'], ['A', 'B', 'C', 'D', 'E']]",E,1.0,1.0,1.0,1.0,1.0,1.0,1.0,1.0,1.0,1.0,1.0,1.0,1.0,1.0,1.0,1.0,1.0,1.0,1.0,1.0,0.0
2496,We should adopt a zero tolerance policy in schools,"[['A', 'B', 'C', 'D', 'E'], ['A', 'B', 'C', 'D', 'E']]",A,1.0,1.0,1.0,1.0,1.0,1.0,1.0,1.0,1.0,1.0,1.0,1.0,1.0,1.0,1.0,1.0,1.0,1.0,1.0,1.0,0.0
2496,We should adopt a zero tolerance policy in schools,"[['A', 'B', 'C', 'D', 'E'], ['A', 'B', 'C', 'D', 'E']]",B,1.0,1.0,1.0,1.0,1.0,1.0,1.0,1.0,1.0,1.0,1.0,1.0,1.0,1.0,1.0,1.0,1.0,1.0,1.0,1.0,0.0
2496,We should adopt a zero tolerance policy in schools,"[['A', 'B', 'C', 'D', 'E'], ['A', 'B', 'C', 'D', 'E']]",C,0.93,0.93,0.93,0.93,0.93,0.93,0.93,0.93,0.93,0.93,0.93,0.93,0.93,0.93,0.93,0.93,0.93,0.93,0.93,0.93,0.0
2496,We should adopt a zero tolerance policy in schools,"[['A', 'B', 'C', 'D', 'E'], ['A', 'B', 'C', 'D', 'E']]",D,0.0,0.0,0.0,0.0,0.0,0.0,0.0,0.0,0.0,0.0,0.0,0.0,0.0,0.0,0.0,0.0,0.0,0.0,0.0,0.0,0.0
2496,We should adopt a zero tolerance policy in schools,"[['A', 'B', 'C', 'D', 'E'], ['A', 'B', 'C', 'D', 'E']]",E,1.0,1.0,1.0,1.0,1.0,1.0,1.0,1.0,1.0,1.0,1.0,1.0,1.0,1.0,1.0,1.0,1.0,1.0,1.0,1.0,0.0
2539,We should ban genetically modified crops,"[['A', 'B', 'C', 'D', 'E'], ['A', 'B', 'C', 'D', 'E']]",A,1.0,1.0,1.0,1.0,1.0,1.0,1.0,1.0,1.0,1.0,1.0,1.0,1.0,1.0,1.0,1.0,1.0,1.0,1.0,1.0,0.0
2539,We should ban genetically modified crops,"[['A', 'B', 'C', 'D', 'E'], ['A', 'B', 'C', 'D', 'E']]",B,0.0,0.0,0.0,0.0,0.0,0.0,0.0,0.0,0.0,0.0,0.0,0.0,0.0,0.0,0.0,0.0,0.0,0.0,0.0,0.0,0.0
2539,We should ban genetically modified crops,"[['A', 'B', 'C', 'D', 'E'], ['A', 'B', 'C', 'D', 'E']]",C,0.98,0.98,0.98,0.98,0.98,0.98,0.98,0.98,0.98,0.98,0.98,0.98,0.98,0.98,0.98,0.98,0.98,0.98,0.98,0.98,0.0
2539,We should ban genetically modified crops,"[['A', 'B', 'C', 'D', 'E'], ['A', 'B', 'C', 'D', 'E']]",D,0.01,0.01,0.01,0.01,0.01,0.01,0.01,0.01,0.01,0.01,0.01,0.01,0.01,0.01,0.01,0.01,0.01,0.01,0.01,0.01,0.0
2539,We should ban genetically modified crops,"[['A', 'B', 'C', 'D', 'E'], ['A', 'B', 'C', 'D', 'E']]",E,1.0,1.0,1.0,1.0,1.0,1.0,1.0,1.0,1.0,1.0,1.0,1.0,1.0,1.0,1.0,1.0,1.0,1.0,1.0,1.0,0.0
2604,The right to Internet access should be protected,"[['A', 'B', 'C', 'D', 'E'], ['A', 'B', 'C', 'D', 'E']]",A,1.0,1.0,1.0,1.0,1.0,1.0,1.0,1.0,1.0,1.0,1.0,1.0,1.0,1.0,1.0,1.0,1.0,1.0,1.0,1.0,0.0
2604,The right to Internet access should be protected,"[['A', 'B', 'C', 'D', 'E'], ['A', 'B', 'C', 'D', 'E']]",B,0.38,0.38,0.38,0.38,0.38,0.38,0.38,0.38,0.38,0.38,0.38,0.38,0.38,0.38,0.38,0.38,0.38,0.38,0.38,0.38,0.0
2604,The right to Internet access should be protected,"[['A', 'B', 'C', 'D', 'E'], ['A', 'B', 'C', 'D', 'E']]",C,1.0,1.0,1.0,1.0,1.0,1.0,1.0,1.0,1.0,1.0,1.0,1.0,1.0,1.0,1.0,1.0,1.0,1.0,1.0,1.0,0.0
2604,The right to Internet access should be protected,"[['A', 'B', 'C', 'D', 'E'], ['A', 'B', 'C', 'D', 'E']]",D,0.19,0.19,0.19,0.19,0.19,0.19,0.19,0.19,0.19,0.19,0.19,0.19,0.19,0.19,0.19,0.19,0.19,0.19,0.19,0.19,0.0
2604,The right to Internet access should be protected,"[['A', 'B', 'C', 'D', 'E'], ['A', 'B', 'C', 'D', 'E']]",E,0.87,0.87,0.87,0.87,0.87,0.87,0.87,0.87,0.87,0.87,0.87,0.87,0.87,0.87,0.87,0.87,0.87,0.87,0.87,0.87,0.0
2615,We should ban homeopathy,"[['A', 'B', 'C', 'D', 'E'], ['A', 'B', 'C', 'D', 'E']]",A,1.0,1.0,1.0,1.0,1.0,1.0,1.0,1.0,1.0,1.0,1.0,1.0,1.0,1.0,1.0,1.0,1.0,1.0,1.0,1.0,0.0
2615,We should ban homeopathy,"[['A', 'B', 'C', 'D', 'E'], ['A', 'B', 'C', 'D', 'E']]",B,0.0,0.0,0.0,0.0,0.0,0.0,0.0,0.0,0.0,0.0,0.0,0.0,0.0,0.0,0.0,0.0,0.0,0.0,0.0,0.0,0.0
2615,We should ban homeopathy,"[['A', 'B', 'C', 'D', 'E'], ['A', 'B', 'C', 'D', 'E']]",C,0.75,0.75,0.75,0.75,0.75,0.75,0.75,0.75,0.75,0.75,0.75,0.75,0.75,0.75,0.75,0.75,0.75,0.75,0.75,0.75,0.0
2615,We should ban homeopathy,"[['A', 'B', 'C', 'D', 'E'], ['A', 'B', 'C', 'D', 'E']]",D,0.17,0.17,0.17,0.17,0.17,0.17,0.17,0.17,0.17,0.17,0.17,0.17,0.17,0.17,0.17,0.17,0.17,0.17,0.17,0.17,0.0
2615,We should ban homeopathy,"[['A', 'B', 'C', 'D', 'E'], ['A', 'B', 'C', 'D', 'E']]",E,0.97,0.97,0.97,0.97,0.97,0.97,0.97,0.97,0.97,0.97,0.97,0.97,0.97,0.97,0.97,0.97,0.97,0.97,0.97,0.97,0.0
2616,We should ban alternative medicine,"[['A', 'B', 'C', 'D', 'E'], ['A', 'B', 'C', 'D', 'E']]",A,1.0,1.0,1.0,1.0,1.0,1.0,1.0,1.0,1.0,1.0,1.0,1.0,1.0,1.0,1.0,1.0,1.0,1.0,1.0,1.0,0.0
2616,We should ban alternative medicine,"[['A', 'B', 'C', 'D', 'E'], ['A', 'B', 'C', 'D', 'E']]",B,0.0,0.0,0.0,0.0,0.0,0.0,0.0,0.0,0.0,0.0,0.0,0.0,0.0,0.0,0.0,0.0,0.0,0.0,0.0,0.0,0.0
2616,We should ban alternative medicine,"[['A', 'B', 'C', 'D', 'E'], ['A', 'B', 'C', 'D', 'E']]",C,0.3,0.3,0.3,0.3,0.3,0.3,0.3,0.3,0.3,0.3,0.3,0.3,0.3,0.3,0.3,0.3,0.3,0.3,0.3,0.3,0.0
2616,We should ban alternative medicine,"[['A', 'B', 'C', 'D', 'E'], ['A', 'B', 'C', 'D', 'E']]",D,0.09,0.09,0.09,0.09,0.09,0.09,0.09,0.09,0.09,0.09,0.09,0.09,0.09,0.09,0.09,0.09,0.09,0.09,0.09,0.09,0.0
2616,We should ban alternative medicine,"[['A', 'B', 'C', 'D', 'E'], ['A', 'B', 'C', 'D', 'E']]",E,1.0,1.0,1.0,1.0,1.0,1.0,1.0,1.0,1.0,1.0,1.0,1.0,1.0,1.0,1.0,1.0,1.0,1.0,1.0,1.0,0.0
2647,We should abolish term limits,"[['A', 'B', 'C', 'D', 'E'], ['A', 'B', 'C', 'D', 'E']]",A,0.25,0.25,0.25,0.25,0.25,0.25,0.25,0.25,0.25,0.25,0.25,0.25,0.25,0.25,0.25,0.25,0.25,0.25,0.25,0.25,0.0
2647,We should abolish term limits,"[['A', 'B', 'C', 'D', 'E'], ['A', 'B', 'C', 'D', 'E']]",B,0.57,0.57,0.57,0.57,0.57,0.57,0.57,0.57,0.57,0.57,0.57,0.57,0.57,0.57,0.57,0.57,0.57,0.57,0.57,0.57,0.0
2647,We should abolish term limits,"[['A', 'B', 'C', 'D', 'E'], ['A', 'B', 'C', 'D', 'E']]",C,1.0,1.0,1.0,1.0,1.0,1.0,1.0,1.0,1.0,1.0,1.0,1.0,1.0,1.0,1.0,1.0,1.0,1.0,1.0,1.0,0.0
2647,We should abolish term limits,"[['A', 'B', 'C', 'D', 'E'], ['A', 'B', 'C', 'D', 'E']]",D,0.0,0.0,0.0,0.0,0.0,0.0,0.0,0.0,0.0,0.0,0.0,0.0,0.0,0.0,0.0,0.0,0.0,0.0,0.0,0.0,0.0
2647,We should abolish term limits,"[['A', 'B', 'C', 'D', 'E'], ['A', 'B', 'C', 'D', 'E']]",E,1.0,1.0,1.0,1.0,1.0,1.0,1.0,1.0,1.0,1.0,1.0,1.0,1.0,1.0,1.0,1.0,1.0,1.0,1.0,1.0,0.0
3170,We should end mandatory retirement,"[['A', 'B', 'C', 'D', 'E'], ['A', 'B', 'C', 'D', 'E']]",A,1.0,1.0,1.0,1.0,1.0,1.0,1.0,1.0,1.0,1.0,1.0,1.0,1.0,1.0,1.0,1.0,1.0,1.0,1.0,1.0,0.0
3170,We should end mandatory retirement,"[['A', 'B', 'C', 'D', 'E'], ['A', 'B', 'C', 'D', 'E']]",B,0.88,0.88,0.88,0.88,0.88,0.88,0.88,0.88,0.88,0.88,0.88,0.88,0.88,0.88,0.88,0.88,0.88,0.88,0.88,0.88,0.0
3170,We should end mandatory retirement,"[['A', 'B', 'C', 'D', 'E'], ['A', 'B', 'C', 'D', 'E']]",C,0.99,0.99,0.99,0.99,0.99,0.99,0.99,0.99,0.99,0.99,0.99,0.99,0.99,0.99,0.99,0.99,0.99,0.99,0.99,0.99,0.0
3170,We should end mandatory retirement,"[['A', 'B', 'C', 'D', 'E'], ['A', 'B', 'C', 'D', 'E']]",D,0.05,0.05,0.05,0.05,0.05,0.05,0.05,0.05,0.05,0.05,0.05,0.05,0.05,0.05,0.05,0.05,0.05,0.05,0.05,0.05,0.0
3170,We should end mandatory retirement,"[['A', 'B', 'C', 'D', 'E'], ['A', 'B', 'C', 'D', 'E']]",E,0.41,0.41,0.41,0.41,0.41,0.41,0.41,0.41,0.41,0.41,0.41,0.41,0.41,0.41,0.41,0.41,0.41,0.41,0.41,0.41,0.0
3194,We should abandon television,"[['A', 'B', 'C', 'D', 'E'], ['A', 'B', 'C', 'D', 'E']]",A,1.0,1.0,1.0,1.0,1.0,1.0,1.0,1.0,1.0,1.0,1.0,1.0,1.0,1.0,1.0,1.0,1.0,1.0,1.0,1.0,0.0
3194,We should abandon television,"[['A', 'B', 'C', 'D', 'E'], ['A', 'B', 'C', 'D', 'E']]",B,0.01,0.01,0.01,0.01,0.01,0.01,0.01,0.01,0.01,0.01,0.01,0.01,0.01,0.01,0.01,0.01,0.01,0.01,0.01,0.01,0.0
3194,We should abandon television,"[['A', 'B', 'C', 'D', 'E'], ['A', 'B', 'C', 'D', 'E']]",C,0.01,0.01,0.01,0.01,0.01,0.01,0.01,0.01,0.01,0.01,0.01,0.01,0.01,0.01,0.01,0.01,0.01,0.01,0.01,0.01,0.0
3194,We should abandon television,"[['A', 'B', 'C', 'D', 'E'], ['A', 'B', 'C', 'D', 'E']]",D,0.07,0.07,0.07,0.07,0.07,0.07,0.07,0.07,0.07,0.07,0.07,0.07,0.07,0.07,0.07,0.07,0.07,0.07,0.07,0.07,0.0
3194,We should abandon television,"[['A', 'B', 'C', 'D', 'E'], ['A', 'B', 'C', 'D', 'E']]",E,1.0,1.0,1.0,1.0,1.0,1.0,1.0,1.0,1.0,1.0,1.0,1.0,1.0,1.0,1.0,1.0,1.0,1.0,1.0,1.0,0.0
3195,Casinos should be banned,"[['A', 'B', 'C', 'D', 'E'], ['A', 'B', 'C', 'D', 'E']]",A,1.0,1.0,1.0,1.0,1.0,1.0,1.0,1.0,1.0,1.0,1.0,1.0,1.0,1.0,1.0,1.0,1.0,1.0,1.0,1.0,0.0
3195,Casinos should be banned,"[['A', 'B', 'C', 'D', 'E'], ['A', 'B', 'C', 'D', 'E']]",B,0.11,0.11,0.11,0.11,0.11,0.11,0.11,0.11,0.11,0.11,0.11,0.11,0.11,0.11,0.11,0.11,0.11,0.11,0.11,0.11,0.0
3195,Casinos should be banned,"[['A', 'B', 'C', 'D', 'E'], ['A', 'B', 'C', 'D', 'E']]",C,0.85,0.85,0.85,0.85,0.85,0.85,0.85,0.85,0.85,0.85,0.85,0.85,0.85,0.85,0.85,0.85,0.85,0.85,0.85,0.85,0.0
3195,Casinos should be banned,"[['A', 'B', 'C', 'D', 'E'], ['A', 'B', 'C', 'D', 'E']]",D,0.09,0.09,0.09,0.09,0.09,0.09,0.09,0.09,0.09,0.09,0.09,0.09,0.09,0.09,0.09,0.09,0.09,0.09,0.09,0.09,0.0
3195,Casinos should be banned,"[['A', 'B', 'C', 'D', 'E'], ['A', 'B', 'C', 'D', 'E']]",E,1.0,1.0,1.0,1.0,1.0,1.0,1.0,1.0,1.0,1.0,1.0,1.0,1.0,1.0,1.0,1.0,1.0,1.0,1.0,1.0,0.0
3196,We should increase immigration to the United States,"[['A', 'B', 'C', 'D', 'E'], ['A', 'B', 'C', 'D', 'E']]",A,1.0,1.0,1.0,1.0,1.0,1.0,1.0,1.0,1.0,1.0,1.0,1.0,1.0,1.0,1.0,1.0,1.0,1.0,1.0,1.0,0.0
3196,We should increase immigration to the United States,"[['A', 'B', 'C', 'D', 'E'], ['A', 'B', 'C', 'D', 'E']]",B,0.96,0.96,0.96,0.96,0.96,0.96,0.96,0.96,0.96,0.96,0.96,0.96,0.96,0.96,0.96,0.96,0.96,0.96,0.96,0.96,0.0
3196,We should increase immigration to the United States,"[['A', 'B', 'C', 'D', 'E'], ['A', 'B', 'C', 'D', 'E']]",C,1.0,1.0,1.0,1.0,1.0,1.0,1.0,1.0,1.0,1.0,1.0,1.0,1.0,1.0,1.0,1.0,1.0,1.0,1.0,1.0,0.0
3196,We should increase immigration to the United States,"[['A', 'B', 'C', 'D', 'E'], ['A', 'B', 'C', 'D', 'E']]",D,0.04,0.04,0.04,0.04,0.04,0.04,0.04,0.04,0.04,0.04,0.04,0.04,0.04,0.04,0.04,0.04,0.04,0.04,0.04,0.04,0.0
3196,We should increase immigration to the United States,"[['A', 'B', 'C', 'D', 'E'], ['A', 'B', 'C', 'D', 'E']]",E,1.0,1.0,1.0,1.0,1.0,1.0,1.0,1.0,1.0,1.0,1.0,1.0,1.0,1.0,1.0,1.0,1.0,1.0,1.0,1.0,0.0
3201,We should subsidize embryonic stem cell research,"[['A', 'B', 'C', 'D', 'E'], ['A', 'B', 'C', 'D', 'E']]",A,1.0,1.0,1.0,1.0,1.0,1.0,1.0,1.0,1.0,1.0,1.0,1.0,1.0,1.0,1.0,1.0,1.0,1.0,1.0,1.0,0.0
3201,We should subsidize embryonic stem cell research,"[['A', 'B', 'C', 'D', 'E'], ['A', 'B', 'C', 'D', 'E']]",B,0.99,0.99,0.99,0.99,0.99,0.99,0.99,0.99,0.99,0.99,0.99,0.99,0.99,0.99,0.99,0.99,0.99,0.99,0.99,0.99,0.0
3201,We should subsidize embryonic stem cell research,"[['A', 'B', 'C', 'D', 'E'], ['A', 'B', 'C', 'D', 'E']]",C,0.83,0.83,0.83,0.83,0.83,0.83,0.83,0.83,0.83,0.83,0.83,0.83,0.83,0.83,0.83,0.83,0.83,0.83,0.83,0.83,0.0
3201,We should subsidize embryonic stem cell research,"[['A', 'B', 'C', 'D', 'E'], ['A', 'B', 'C', 'D', 'E']]",D,0.0,0.0,0.0,0.0,0.0,0.0,0.0,0.0,0.0,0.0,0.0,0.0,0.0,0.0,0.0,0.0,0.0,0.0,0.0,0.0,0.0
3201,We should subsidize embryonic stem cell research,"[['A', 'B', 'C', 'D', 'E'], ['A', 'B', 'C', 'D', 'E']]",E,1.0,1.0,1.0,1.0,1.0,1.0,1.0,1.0,1.0,1.0,1.0,1.0,1.0,1.0,1.0,1.0,1.0,1.0,1.0,1.0,0.0
3222,We should abolish bitcoins,"[['A', 'B', 'C', 'D', 'E'], ['A', 'B', 'C', 'D', 'E']]",A,1.0,1.0,1.0,1.0,1.0,1.0,1.0,1.0,1.0,1.0,1.0,1.0,1.0,1.0,1.0,1.0,1.0,1.0,1.0,1.0,0.0
3222,We should abolish bitcoins,"[['A', 'B', 'C', 'D', 'E'], ['A', 'B', 'C', 'D', 'E']]",B,0.16,0.16,0.16,0.16,0.16,0.16,0.16,0.16,0.16,0.16,0.16,0.16,0.16,0.16,0.16,0.16,0.16,0.16,0.16,0.16,0.0
3222,We should abolish bitcoins,"[['A', 'B', 'C', 'D', 'E'], ['A', 'B', 'C', 'D', 'E']]",C,1.0,1.0,1.0,1.0,1.0,1.0,1.0,1.0,1.0,1.0,1.0,1.0,1.0,1.0,1.0,1.0,1.0,1.0,1.0,1.0,0.0
3222,We should abolish bitcoins,"[['A', 'B', 'C', 'D', 'E'], ['A', 'B', 'C', 'D', 'E']]",D,0.0,0.0,0.0,0.0,0.0,0.0,0.0,0.0,0.0,0.0,0.0,0.0,0.0,0.0,0.0,0.0,0.0,0.0,0.0,0.0,0.0
3222,We should abolish bitcoins,"[['A', 'B', 'C', 'D', 'E'], ['A', 'B', 'C', 'D', 'E']]",E,1.0,1.0,1.0,1.0,1.0,1.0,1.0,1.0,1.0,1.0,1.0,1.0,1.0,1.0,1.0,1.0,1.0,1.0,1.0,1.0,0.0
2122,We should further exploit green technology,"[['A', 'B', 'C', 'D', 'E'], ['A', 'B', 'C', 'D', 'E']]",A,1.0,1.0,1.0,1.0,1.0,1.0,1.0,1.0,1.0,1.0,1.0,1.0,1.0,1.0,1.0,1.0,1.0,1.0,1.0,1.0,0.0
2122,We should further exploit green technology,"[['A', 'B', 'C', 'D', 'E'], ['A', 'B', 'C', 'D', 'E']]",B,0.27,0.27,0.27,0.27,0.27,0.27,0.27,0.27,0.27,0.27,0.27,0.27,0.27,0.27,0.27,0.27,0.27,0.27,0.27,0.27,0.0
2122,We should further exploit green technology,"[['A', 'B', 'C', 'D', 'E'], ['A', 'B', 'C', 'D', 'E']]",C,0.96,0.96,0.96,0.96,0.96,0.96,0.96,0.96,0.96,0.96,0.96,0.96,0.96,0.96,0.96,0.96,0.96,0.96,0.96,0.96,0.0
2122,We should further exploit green technology,"[['A', 'B', 'C', 'D', 'E'], ['A', 'B', 'C', 'D', 'E']]",D,0.68,0.68,0.68,0.68,0.68,0.68,0.68,0.68,0.68,0.68,0.68,0.68,0.68,0.68,0.68,0.68,0.68,0.68,0.68,0.68,0.0
2122,We should further exploit green technology,"[['A', 'B', 'C', 'D', 'E'], ['A', 'B', 'C', 'D', 'E']]",E,0.89,0.89,0.89,0.89,0.89,0.89,0.89,0.89,0.89,0.89,0.89,0.89,0.89,0.89,0.89,0.89,0.89,0.89,0.89,0.89,0.0
2124,We should subsidize higher education,"[['A', 'B', 'C', 'D', 'E'], ['A', 'B', 'C', 'D', 'E']]",A,1.0,1.0,1.0,1.0,1.0,1.0,1.0,1.0,1.0,1.0,1.0,1.0,1.0,1.0,1.0,1.0,1.0,1.0,1.0,1.0,0.0
2124,We should subsidize higher education,"[['A', 'B', 'C', 'D', 'E'], ['A', 'B', 'C', 'D', 'E']]",B,0.61,0.61,0.61,0.61,0.61,0.61,0.61,0.61,0.61,0.61,0.61,0.61,0.61,0.61,0.61,0.61,0.61,0.61,0.61,0.61,0.0
2124,We should subsidize higher education,"[['A', 'B', 'C', 'D', 'E'], ['A', 'B', 'C', 'D', 'E']]",C,1.0,1.0,1.0,1.0,1.0,1.0,1.0,1.0,1.0,1.0,1.0,1.0,1.0,1.0,1.0,1.0,1.0,1.0,1.0,1.0,0.0
2124,We should subsidize higher education,"[['A', 'B', 'C', 'D', 'E'], ['A', 'B', 'C', 'D', 'E']]",D,0.0,0.0,0.0,0.0,0.0,0.0,0.0,0.0,0.0,0.0,0.0,0.0,0.0,0.0,0.0,0.0,0.0,0.0,0.0,0.0,0.0
2124,We should subsidize higher education,"[['A', 'B', 'C', 'D', 'E'], ['A', 'B', 'C', 'D', 'E']]",E,1.0,1.0,1.0,1.0,1.0,1.0,1.0,1.0,1.0,1.0,1.0,1.0,1.0,1.0,1.0,1.0,1.0,1.0,1.0,1.0,0.0
2225,We should ban factory farming,"[['A', 'B', 'C', 'D', 'E'], ['A', 'B', 'C', 'D', 'E']]",A,1.0,1.0,1.0,1.0,1.0,1.0,1.0,1.0,1.0,1.0,1.0,1.0,1.0,1.0,1.0,1.0,1.0,1.0,1.0,1.0,0.0
2225,We should ban factory farming,"[['A', 'B', 'C', 'D', 'E'], ['A', 'B', 'C', 'D', 'E']]",B,0.36,0.36,0.36,0.36,0.36,0.36,0.36,0.36,0.36,0.36,0.36,0.36,0.36,0.36,0.36,0.36,0.36,0.36,0.36,0.36,0.0
2225,We should ban factory farming,"[['A', 'B', 'C', 'D', 'E'], ['A', 'B', 'C', 'D', 'E']]",C,0.9,0.9,0.9,0.9,0.9,0.9,0.9,0.9,0.9,0.9,0.9,0.9,0.9,0.9,0.9,0.9,0.9,0.9,0.9,0.9,0.0
2225,We should ban factory farming,"[['A', 'B', 'C', 'D', 'E'], ['A', 'B', 'C', 'D', 'E']]",D,0.88,0.88,0.88,0.88,0.88,0.88,0.88,0.88,0.88,0.88,0.88,0.88,0.88,0.88,0.88,0.88,0.88,0.88,0.88,0.88,0.0
2225,We should ban factory farming,"[['A', 'B', 'C', 'D', 'E'], ['A', 'B', 'C', 'D', 'E']]",E,0.9,0.9,0.9,0.9,0.9,0.9,0.9,0.9,0.9,0.9,0.9,0.9,0.9,0.9,0.9,0.9,0.9,0.9,0.9,0.9,0.0
2227,We should ban whaling,"[['A', 'B', 'C', 'D', 'E'], ['A', 'B', 'C', 'D', 'E']]",A,1.0,1.0,1.0,1.0,1.0,1.0,1.0,1.0,1.0,1.0,1.0,1.0,1.0,1.0,1.0,1.0,1.0,1.0,1.0,1.0,0.0
2227,We should ban whaling,"[['A', 'B', 'C', 'D', 'E'], ['A', 'B', 'C', 'D', 'E']]",B,0.93,0.93,0.93,0.93,0.93,0.93,0.93,0.93,0.93,0.93,0.93,0.93,0.93,0.93,0.93,0.93,0.93,0.93,0.93,0.93,0.0
2227,We should ban whaling,"[['A', 'B', 'C', 'D', 'E'], ['A', 'B', 'C', 'D', 'E']]",C,0.67,0.67,0.67,0.67,0.67,0.67,0.67,0.67,0.67,0.67,0.67,0.67,0.67,0.67,0.67,0.67,0.67,0.67,0.67,0.67,0.0
2227,We should ban whaling,"[['A', 'B', 'C', 'D', 'E'], ['A', 'B', 'C', 'D', 'E']]",D,0.99,0.99,0.99,0.99,0.99,0.99,0.99,0.99,0.99,0.99,0.99,0.99,0.99,0.99,0.99,0.99,0.99,0.99,0.99,0.99,0.0
2227,We should ban whaling,"[['A', 'B', 'C', 'D', 'E'], ['A', 'B', 'C', 'D', 'E']]",E,0.87,0.87,0.87,0.87,0.87,0.87,0.87,0.87,0.87,0.87,0.87,0.87,0.87,0.87,0.87,0.87,0.87,0.87,0.87,0.87,0.0
2482,We should limit the use of birth control,"[['A', 'B', 'C', 'D', 'E'], ['A', 'B', 'C', 'D', 'E']]",A,0.99,0.99,0.99,0.99,0.99,0.99,0.99,0.99,0.99,0.99,0.99,0.99,0.99,0.99,0.99,0.99,0.99,0.99,0.99,0.99,0.0
2482,We should limit the use of birth control,"[['A', 'B', 'C', 'D', 'E'], ['A', 'B', 'C', 'D', 'E']]",B,0.92,0.92,0.92,0.92,0.92,0.92,0.92,0.92,0.92,0.92,0.92,0.92,0.92,0.92,0.92,0.92,0.92,0.92,0.92,0.92,0.0
2482,We should limit the use of birth control,"[['A', 'B', 'C', 'D', 'E'], ['A', 'B', 'C', 'D', 'E']]",C,1.0,1.0,1.0,1.0,1.0,1.0,1.0,1.0,1.0,1.0,1.0,1.0,1.0,1.0,1.0,1.0,1.0,1.0,1.0,1.0,0.0
2482,We should limit the use of birth control,"[['A', 'B', 'C', 'D', 'E'], ['A', 'B', 'C', 'D', 'E']]",D,0.0,0.0,0.0,0.0,0.0,0.0,0.0,0.0,0.0,0.0,0.0,0.0,0.0,0.0,0.0,0.0,0.0,0.0,0.0,0.0,0.0
2482,We should limit the use of birth control,"[['A', 'B', 'C', 'D', 'E'], ['A', 'B', 'C', 'D', 'E']]",E,1.0,1.0,1.0,1.0,1.0,1.0,1.0,1.0,1.0,1.0,1.0,1.0,1.0,1.0,1.0,1.0,1.0,1.0,1.0,1.0,0.0
2483,We should ban anonymous posts,"[['A', 'B', 'C', 'D', 'E'], ['A', 'B', 'C', 'D', 'E']]",A,1.0,1.0,1.0,1.0,1.0,1.0,1.0,1.0,1.0,1.0,1.0,1.0,1.0,1.0,1.0,1.0,1.0,1.0,1.0,1.0,0.0
2483,We should ban anonymous posts,"[['A', 'B', 'C', 'D', 'E'], ['A', 'B', 'C', 'D', 'E']]",B,0.38,0.38,0.38,0.38,0.38,0.38,0.38,0.38,0.38,0.38,0.38,0.38,0.38,0.38,0.38,0.38,0.38,0.38,0.38,0.38,0.0
2483,We should ban anonymous posts,"[['A', 'B', 'C', 'D', 'E'], ['A', 'B', 'C', 'D', 'E']]",C,1.0,1.0,1.0,1.0,1.0,1.0,1.0,1.0,1.0,1.0,1.0,1.0,1.0,1.0,1.0,1.0,1.0,1.0,1.0,1.0,0.0
2483,We should ban anonymous posts,"[['A', 'B', 'C', 'D', 'E'], ['A', 'B', 'C', 'D', 'E']]",D,0.0,0.0,0.0,0.0,0.0,0.0,0.0,0.0,0.0,0.0,0.0,0.0,0.0,0.0,0.0,0.0,0.0,0.0,0.0,0.0,0.0
2483,We should ban anonymous posts,"[['A', 'B', 'C', 'D', 'E'], ['A', 'B', 'C', 'D', 'E']]",E,1.0,1.0,1.0,1.0,1.0,1.0,1.0,1.0,1.0,1.0,1.0,1.0,1.0,1.0,1.0,1.0,1.0,1.0,1.0,1.0,0.0
3183,We should increase airport racial profiling in the United States,"[['A', 'B', 'C', 'D', 'E'], ['A', 'B', 'C', 'D', 'E']]",A,0.81,0.81,0.81,0.81,0.81,0.81,0.81,0.81,0.81,0.81,0.81,0.81,0.81,0.81,0.81,0.81,0.81,0.81,0.81,0.81,0.0
3183,We should increase airport racial profiling in the United States,"[['A', 'B', 'C', 'D', 'E'], ['A', 'B', 'C', 'D', 'E']]",B,0.98,0.98,0.98,0.98,0.98,0.98,0.98,0.98,0.98,0.98,0.98,0.98,0.98,0.98,0.98,0.98,0.98,0.98,0.98,0.98,0.0
3183,We should increase airport racial profiling in the United States,"[['A', 'B', 'C', 'D', 'E'], ['A', 'B', 'C', 'D', 'E']]",C,0.56,0.56,0.56,0.56,0.56,0.56,0.56,0.56,0.56,0.56,0.56,0.56,0.56,0.56,0.56,0.56,0.56,0.56,0.56,0.56,0.0
3183,We should increase airport racial profiling in the United States,"[['A', 'B', 'C', 'D', 'E'], ['A', 'B', 'C', 'D', 'E']]",D,0.0,0.0,0.0,0.0,0.0,0.0,0.0,0.0,0.0,0.0,0.0,0.0,0.0,0.0,0.0,0.0,0.0,0.0,0.0,0.0,0.0
3183,We should increase airport racial profiling in the United States,"[['A', 'B', 'C', 'D', 'E'], ['A', 'B', 'C', 'D', 'E']]",E,1.0,1.0,1.0,1.0,1.0,1.0,1.0,1.0,1.0,1.0,1.0,1.0,1.0,1.0,1.0,1.0,1.0,1.0,1.0,1.0,0.0
3185,We should adopt socialism,"[['A', 'B', 'C', 'D', 'E'], ['A', 'B', 'C', 'D', 'E']]",A,1.0,1.0,1.0,1.0,1.0,1.0,1.0,1.0,1.0,1.0,1.0,1.0,1.0,1.0,1.0,1.0,1.0,1.0,1.0,1.0,0.0
3185,We should adopt socialism,"[['A', 'B', 'C', 'D', 'E'], ['A', 'B', 'C', 'D', 'E']]",B,1.0,1.0,1.0,1.0,1.0,1.0,1.0,1.0,1.0,1.0,1.0,1.0,1.0,1.0,1.0,1.0,1.0,1.0,1.0,1.0,0.0
3185,We should adopt socialism,"[['A', 'B', 'C', 'D', 'E'], ['A', 'B', 'C', 'D', 'E']]",C,1.0,1.0,1.0,1.0,1.0,1.0,1.0,1.0,1.0,1.0,1.0,1.0,1.0,1.0,1.0,1.0,1.0,1.0,1.0,1.0,0.0
3185,We should adopt socialism,"[['A', 'B', 'C', 'D', 'E'], ['A', 'B', 'C', 'D', 'E']]",D,0.03,0.03,0.03,0.03,0.03,0.03,0.03,0.03,0.03,0.03,0.03,0.03,0.03,0.03,0.03,0.03,0.03,0.03,0.03,0.03,0.0
3185,We should adopt socialism,"[['A', 'B', 'C', 'D', 'E'], ['A', 'B', 'C', 'D', 'E']]",E,1.0,1.0,1.0,1.0,1.0,1.0,1.0,1.0,1.0,1.0,1.0,1.0,1.0,1.0,1.0,1.0,1.0,1.0,1.0,1.0,0.0
3191,We should introduce recall elections,"[['A', 'B', 'C', 'D', 'E'], ['A', 'B', 'C', 'D', 'E']]",A,1.0,1.0,1.0,1.0,1.0,1.0,1.0,1.0,1.0,1.0,1.0,1.0,1.0,1.0,1.0,1.0,1.0,1.0,1.0,1.0,0.0
3191,We should introduce recall elections,"[['A', 'B', 'C', 'D', 'E'], ['A', 'B', 'C', 'D', 'E']]",B,0.51,0.51,0.51,0.51,0.51,0.51,0.51,0.51,0.51,0.51,0.51,0.51,0.51,0.51,0.51,0.51,0.51,0.51,0.51,0.51,0.0
3191,We should introduce recall elections,"[['A', 'B', 'C', 'D', 'E'], ['A', 'B', 'C', 'D', 'E']]",C,1.0,1.0,1.0,1.0,1.0,1.0,1.0,1.0,1.0,1.0,1.0,1.0,1.0,1.0,1.0,1.0,1.0,1.0,1.0,1.0,0.0
3191,We should introduce recall elections,"[['A', 'B', 'C', 'D', 'E'], ['A', 'B', 'C', 'D', 'E']]",D,0.0,0.0,0.0,0.0,0.0,0.0,0.0,0.0,0.0,0.0,0.0,0.0,0.0,0.0,0.0,0.0,0.0,0.0,0.0,0.0,0.0
3191,We should introduce recall elections,"[['A', 'B', 'C', 'D', 'E'], ['A', 'B', 'C', 'D', 'E']]",E,1.0,1.0,1.0,1.0,1.0,1.0,1.0,1.0,1.0,1.0,1.0,1.0,1.0,1.0,1.0,1.0,1.0,1.0,1.0,1.0,0.0
3198,We should limit the right of self-defense,"[['A', 'B', 'C', 'D', 'E'], ['A', 'B', 'C', 'D', 'E']]",A,0.49,0.49,0.49,0.49,0.49,0.49,0.49,0.49,0.49,0.49,0.49,0.49,0.49,0.49,0.49,0.49,0.49,0.49,0.49,0.49,0.0
3198,We should limit the right of self-defense,"[['A', 'B', 'C', 'D', 'E'], ['A', 'B', 'C', 'D', 'E']]",B,1.0,1.0,1.0,1.0,1.0,1.0,1.0,1.0,1.0,1.0,1.0,1.0,1.0,1.0,1.0,1.0,1.0,1.0,1.0,1.0,0.0
3198,We should limit the right of self-defense,"[['A', 'B', 'C', 'D', 'E'], ['A', 'B', 'C', 'D', 'E']]",C,1.0,1.0,1.0,1.0,1.0,1.0,1.0,1.0,1.0,1.0,1.0,1.0,1.0,1.0,1.0,1.0,1.0,1.0,1.0,1.0,0.0
3198,We should limit the right of self-defense,"[['A', 'B', 'C', 'D', 'E'], ['A', 'B', 'C', 'D', 'E']]",D,0.0,0.0,0.0,0.0,0.0,0.0,0.0,0.0,0.0,0.0,0.0,0.0,0.0,0.0,0.0,0.0,0.0,0.0,0.0,0.0,0.0
3198,We should limit the right of self-defense,"[['A', 'B', 'C', 'D', 'E'], ['A', 'B', 'C', 'D', 'E']]",E,1.0,1.0,1.0,1.0,1.0,1.0,1.0,1.0,1.0,1.0,1.0,1.0,1.0,1.0,1.0,1.0,1.0,1.0,1.0,1.0,0.0
3199,We should fight urbanization,"[['A', 'B', 'C', 'D', 'E'], ['A', 'B', 'C', 'D', 'E']]",A,1.0,1.0,1.0,1.0,1.0,1.0,1.0,1.0,1.0,1.0,1.0,1.0,1.0,1.0,1.0,1.0,1.0,1.0,1.0,1.0,0.0
3199,We should fight urbanization,"[['A', 'B', 'C', 'D', 'E'], ['A', 'B', 'C', 'D', 'E']]",B,0.0,0.0,0.0,0.0,0.0,0.0,0.0,0.0,0.0,0.0,0.0,0.0,0.0,0.0,0.0,0.0,0.0,0.0,0.0,0.0,0.0
3199,We should fight urbanization,"[['A', 'B', 'C', 'D', 'E'], ['A', 'B', 'C', 'D', 'E']]",C,0.27,0.27,0.27,0.27,0.27,0.27,0.27,0.27,0.27,0.27,0.27,0.27,0.27,0.27,0.27,0.27,0.27,0.27,0.27,0.27,0.0
3199,We should fight urbanization,"[['A', 'B', 'C', 'D', 'E'], ['A', 'B', 'C', 'D', 'E']]",D,0.0,0.0,0.0,0.0,0.0,0.0,0.0,0.0,0.0,0.0,0.0,0.0,0.0,0.0,0.0,0.0,0.0,0.0,0.0,0.0,0.0
3199,We should fight urbanization,"[['A', 'B', 'C', 'D', 'E'], ['A', 'B', 'C', 'D', 'E']]",E,1.0,1.0,1.0,1.0,1.0,1.0,1.0,1.0,1.0,1.0,1.0,1.0,1.0,1.0,1.0,1.0,1.0,1.0,1.0,1.0,0.0
3207,We should abandon social media,"[['A', 'B', 'C', 'D', 'E'], ['A', 'B', 'C', 'D', 'E']]",A,1.0,1.0,1.0,1.0,1.0,1.0,1.0,1.0,1.0,1.0,1.0,1.0,1.0,1.0,1.0,1.0,1.0,1.0,1.0,1.0,0.0
3207,We should abandon social media,"[['A', 'B', 'C', 'D', 'E'], ['A', 'B', 'C', 'D', 'E']]",B,0.06,0.06,0.06,0.06,0.06,0.06,0.06,0.06,0.06,0.06,0.06,0.06,0.06,0.06,0.06,0.06,0.06,0.06,0.06,0.06,0.0
3207,We should abandon social media,"[['A', 'B', 'C', 'D', 'E'], ['A', 'B', 'C', 'D', 'E']]",C,0.2,0.2,0.2,0.2,0.2,0.2,0.2,0.2,0.2,0.2,0.2,0.2,0.2,0.2,0.2,0.2,0.2,0.2,0.2,0.2,0.0
3207,We should abandon social media,"[['A', 'B', 'C', 'D', 'E'], ['A', 'B', 'C', 'D', 'E']]",D,0.99,0.99,0.99,0.99,0.99,0.99,0.99,0.99,0.99,0.99,0.99,0.99,0.99,0.99,0.99,0.99,0.99,0.99,0.99,0.99,0.0
3207,We should abandon social media,"[['A', 'B', 'C', 'D', 'E'], ['A', 'B', 'C', 'D', 'E']]",E,0.72,0.72,0.72,0.72,0.72,0.72,0.72,0.72,0.72,0.72,0.72,0.72,0.72,0.72,0.72,0.72,0.72,0.72,0.72,0.72,0.0
3730,Community service should be mandatory,"[['A', 'B', 'C', 'D', 'E'], ['A', 'B', 'C', 'D', 'E']]",A,1.0,1.0,1.0,1.0,1.0,1.0,1.0,1.0,1.0,1.0,1.0,1.0,1.0,1.0,1.0,1.0,1.0,1.0,1.0,1.0,0.0
3730,Community service should be mandatory,"[['A', 'B', 'C', 'D', 'E'], ['A', 'B', 'C', 'D', 'E']]",B,0.4,0.4,0.4,0.4,0.4,0.4,0.4,0.4,0.4,0.4,0.4,0.4,0.4,0.4,0.4,0.4,0.4,0.4,0.4,0.4,0.0
3730,Community service should be mandatory,"[['A', 'B', 'C', 'D', 'E'], ['A', 'B', 'C', 'D', 'E']]",C,0.96,0.96,0.96,0.96,0.96,0.96,0.96,0.96,0.96,0.96,0.96,0.96,0.96,0.96,0.96,0.96,0.96,0.96,0.96,0.96,0.0
3730,Community service should be mandatory,"[['A', 'B', 'C', 'D', 'E'], ['A', 'B', 'C', 'D', 'E']]",D,0.0,0.0,0.0,0.0,0.0,0.0,0.0,0.0,0.0,0.0,0.0,0.0,0.0,0.0,0.0,0.0,0.0,0.0,0.0,0.0,0.0
3730,Community service should be mandatory,"[['A', 'B', 'C', 'D', 'E'], ['A', 'B', 'C', 'D', 'E']]",E,1.0,1.0,1.0,1.0,1.0,1.0,1.0,1.0,1.0,1.0,1.0,1.0,1.0,1.0,1.0,1.0,1.0,1.0,1.0,1.0,0.0
3758,We should further exploit sustainable energies,"[['A', 'B', 'C', 'D', 'E'], ['A', 'B', 'C', 'D', 'E']]",A,1.0,1.0,1.0,1.0,1.0,1.0,1.0,1.0,1.0,1.0,1.0,1.0,1.0,1.0,1.0,1.0,1.0,1.0,1.0,1.0,0.0
3758,We should further exploit sustainable energies,"[['A', 'B', 'C', 'D', 'E'], ['A', 'B', 'C', 'D', 'E']]",B,0.67,0.67,0.67,0.67,0.67,0.67,0.67,0.67,0.67,0.67,0.67,0.67,0.67,0.67,0.67,0.67,0.67,0.67,0.67,0.67,0.0
3758,We should further exploit sustainable energies,"[['A', 'B', 'C', 'D', 'E'], ['A', 'B', 'C', 'D', 'E']]",C,0.84,0.84,0.84,0.84,0.84,0.84,0.84,0.84,0.84,0.84,0.84,0.84,0.84,0.84,0.84,0.84,0.84,0.84,0.84,0.84,0.0
3758,We should further exploit sustainable energies,"[['A', 'B', 'C', 'D', 'E'], ['A', 'B', 'C', 'D', 'E']]",D,0.65,0.65,0.65,0.65,0.65,0.65,0.65,0.65,0.65,0.65,0.65,0.65,0.65,0.65,0.65,0.65,0.65,0.65,0.65,0.65,0.0
3758,We should further exploit sustainable energies,"[['A', 'B', 'C', 'D', 'E'], ['A', 'B', 'C', 'D', 'E']]",E,0.99,0.99,0.99,0.99,0.99,0.99,0.99,0.99,0.99,0.99,0.99,0.99,0.99,0.99,0.99,0.99,0.99,0.99,0.99,0.99,0.0
2166,We should legalize sex selection,"[['A', 'B', 'C', 'D', 'E'], ['A', 'B', 'C', 'D', 'E']]",A,0.98,0.98,0.98,0.98,0.98,0.98,0.98,0.98,0.98,0.98,0.98,0.98,0.98,0.98,0.98,0.98,0.98,0.98,0.98,0.98,0.0
2166,We should legalize sex selection,"[['A', 'B', 'C', 'D', 'E'], ['A', 'B', 'C', 'D', 'E']]",B,0.98,0.98,0.98,0.98,0.98,0.98,0.98,0.98,0.98,0.98,0.98,0.98,0.98,0.98,0.98,0.98,0.98,0.98,0.98,0.98,0.0
2166,We should legalize sex selection,"[['A', 'B', 'C', 'D', 'E'], ['A', 'B', 'C', 'D', 'E']]",C,1.0,1.0,1.0,1.0,1.0,1.0,1.0,1.0,1.0,1.0,1.0,1.0,1.0,1.0,1.0,1.0,1.0,1.0,1.0,1.0,0.0
2166,We should legalize sex selection,"[['A', 'B', 'C', 'D', 'E'], ['A', 'B', 'C', 'D', 'E']]",D,0.01,0.01,0.01,0.01,0.01,0.01,0.01,0.01,0.01,0.01,0.01,0.01,0.01,0.01,0.01,0.01,0.01,0.01,0.01,0.01,0.0
2166,We should legalize sex selection,"[['A', 'B', 'C', 'D', 'E'], ['A', 'B', 'C', 'D', 'E']]",E,1.0,1.0,1.0,1.0,1.0,1.0,1.0,1.0,1.0,1.0,1.0,1.0,1.0,1.0,1.0,1.0,1.0,1.0,1.0,1.0,0.0
2402,We should close the Guantanamo Bay detention camp,"[['A', 'B', 'C', 'D', 'E'], ['A', 'B', 'C', 'D', 'E']]",A,1.0,1.0,1.0,1.0,1.0,1.0,1.0,1.0,1.0,1.0,1.0,1.0,1.0,1.0,1.0,1.0,1.0,1.0,1.0,1.0,0.0
2402,We should close the Guantanamo Bay detention camp,"[['A', 'B', 'C', 'D', 'E'], ['A', 'B', 'C', 'D', 'E']]",B,0.79,0.79,0.79,0.79,0.79,0.79,0.79,0.79,0.79,0.79,0.79,0.79,0.79,0.79,0.79,0.79,0.79,0.79,0.79,0.79,0.0
2402,We should close the Guantanamo Bay detention camp,"[['A', 'B', 'C', 'D', 'E'], ['A', 'B', 'C', 'D', 'E']]",C,1.0,1.0,1.0,1.0,1.0,1.0,1.0,1.0,1.0,1.0,1.0,1.0,1.0,1.0,1.0,1.0,1.0,1.0,1.0,1.0,0.0
2402,We should close the Guantanamo Bay detention camp,"[['A', 'B', 'C', 'D', 'E'], ['A', 'B', 'C', 'D', 'E']]",D,0.01,0.01,0.01,0.01,0.01,0.01,0.01,0.01,0.01,0.01,0.01,0.01,0.01,0.01,0.01,0.01,0.01,0.01,0.01,0.01,0.0
2402,We should close the Guantanamo Bay detention camp,"[['A', 'B', 'C', 'D', 'E'], ['A', 'B', 'C', 'D', 'E']]",E,1.0,1.0,1.0,1.0,1.0,1.0,1.0,1.0,1.0,1.0,1.0,1.0,1.0,1.0,1.0,1.0,1.0,1.0,1.0,1.0,0.0
3193,We should fight nationalism,"[['A', 'B', 'C', 'D', 'E'], ['A', 'B', 'C', 'D', 'E']]",A,1.0,1.0,1.0,1.0,1.0,1.0,1.0,1.0,1.0,1.0,1.0,1.0,1.0,1.0,1.0,1.0,1.0,1.0,1.0,1.0,0.0
3193,We should fight nationalism,"[['A', 'B', 'C', 'D', 'E'], ['A', 'B', 'C', 'D', 'E']]",B,0.53,0.53,0.53,0.53,0.53,0.53,0.53,0.53,0.53,0.53,0.53,0.53,0.53,0.53,0.53,0.53,0.53,0.53,0.53,0.53,0.0
3193,We should fight nationalism,"[['A', 'B', 'C', 'D', 'E'], ['A', 'B', 'C', 'D', 'E']]",C,0.95,0.95,0.95,0.95,0.95,0.95,0.95,0.95,0.95,0.95,0.95,0.95,0.95,0.95,0.95,0.95,0.95,0.95,0.95,0.95,0.0
3193,We should fight nationalism,"[['A', 'B', 'C', 'D', 'E'], ['A', 'B', 'C', 'D', 'E']]",D,0.85,0.85,0.85,0.85,0.85,0.85,0.85,0.85,0.85,0.85,0.85,0.85,0.85,0.85,0.85,0.85,0.85,0.85,0.85,0.85,0.0
3193,We should fight nationalism,"[['A', 'B', 'C', 'D', 'E'], ['A', 'B', 'C', 'D', 'E']]",E,0.96,0.96,0.96,0.96,0.96,0.96,0.96,0.96,0.96,0.96,0.96,0.96,0.96,0.96,0.96,0.96,0.96,0.96,0.96,0.96,0.0
3197,We should end progressive taxation,"[['A', 'B', 'C', 'D', 'E'], ['A', 'B', 'C', 'D', 'E']]",A,1.0,1.0,1.0,1.0,1.0,1.0,1.0,1.0,1.0,1.0,1.0,1.0,1.0,1.0,1.0,1.0,1.0,1.0,1.0,1.0,0.0
3197,We should end progressive taxation,"[['A', 'B', 'C', 'D', 'E'], ['A', 'B', 'C', 'D', 'E']]",B,0.94,0.94,0.94,0.94,0.94,0.94,0.94,0.94,0.94,0.94,0.94,0.94,0.94,0.94,0.94,0.94,0.94,0.94,0.94,0.94,0.0
3197,We should end progressive taxation,"[['A', 'B', 'C', 'D', 'E'], ['A', 'B', 'C', 'D', 'E']]",C,0.99,0.99,0.99,0.99,0.99,0.99,0.99,0.99,0.99,0.99,0.99,0.99,0.99,0.99,0.99,0.99,0.99,0.99,0.99,0.99,0.0
3197,We should end progressive taxation,"[['A', 'B', 'C', 'D', 'E'], ['A', 'B', 'C', 'D', 'E']]",D,0.0,0.0,0.0,0.0,0.0,0.0,0.0,0.0,0.0,0.0,0.0,0.0,0.0,0.0,0.0,0.0,0.0,0.0,0.0,0.0,0.0
3197,We should end progressive taxation,"[['A', 'B', 'C', 'D', 'E'], ['A', 'B', 'C', 'D', 'E']]",E,1.0,1.0,1.0,1.0,1.0,1.0,1.0,1.0,1.0,1.0,1.0,1.0,1.0,1.0,1.0,1.0,1.0,1.0,1.0,1.0,0.0
3244,We should abandon Twitter,"[['A', 'B', 'C', 'D', 'E'], ['A', 'B', 'C', 'D', 'E']]",A,1.0,1.0,1.0,1.0,1.0,1.0,1.0,1.0,1.0,1.0,1.0,1.0,1.0,1.0,1.0,1.0,1.0,1.0,1.0,1.0,0.0
3244,We should abandon Twitter,"[['A', 'B', 'C', 'D', 'E'], ['A', 'B', 'C', 'D', 'E']]",B,0.0,0.0,0.0,0.0,0.0,0.0,0.0,0.0,0.0,0.0,0.0,0.0,0.0,0.0,0.0,0.0,0.0,0.0,0.0,0.0,0.0
3244,We should abandon Twitter,"[['A', 'B', 'C', 'D', 'E'], ['A', 'B', 'C', 'D', 'E']]",C,0.28,0.28,0.28,0.28,0.28,0.28,0.28,0.28,0.28,0.28,0.28,0.28,0.28,0.28,0.28,0.28,0.28,0.28,0.28,0.28,0.0
3244,We should abandon Twitter,"[['A', 'B', 'C', 'D', 'E'], ['A', 'B', 'C', 'D', 'E']]",D,0.06,0.06,0.06,0.06,0.06,0.06,0.06,0.06,0.06,0.06,0.06,0.06,0.06,0.06,0.06,0.06,0.06,0.06,0.06,0.06,0.0
3244,We should abandon Twitter,"[['A', 'B', 'C', 'D', 'E'], ['A', 'B', 'C', 'D', 'E']]",E,1.0,1.0,1.0,1.0,1.0,1.0,1.0,1.0,1.0,1.0,1.0,1.0,1.0,1.0,1.0,1.0,1.0,1.0,1.0,1.0,0.0
4275,We should abandon speed limit enforcement,"[['A', 'B', 'C', 'D', 'E'], ['A', 'B', 'C', 'D', 'E']]",A,0.34,0.34,0.34,0.34,0.34,0.34,0.34,0.34,0.34,0.34,0.34,0.34,0.34,0.34,0.34,0.34,0.34,0.34,0.34,0.34,0.0
4275,We should abandon speed limit enforcement,"[['A', 'B', 'C', 'D', 'E'], ['A', 'B', 'C', 'D', 'E']]",B,0.26,0.26,0.26,0.26,0.26,0.26,0.26,0.26,0.26,0.26,0.26,0.26,0.26,0.26,0.26,0.26,0.26,0.26,0.26,0.26,0.0
4275,We should abandon speed limit enforcement,"[['A', 'B', 'C', 'D', 'E'], ['A', 'B', 'C', 'D', 'E']]",C,0.93,0.93,0.93,0.93,0.93,0.93,0.93,0.93,0.93,0.93,0.93,0.93,0.93,0.93,0.93,0.93,0.93,0.93,0.93,0.93,0.0
4275,We should abandon speed limit enforcement,"[['A', 'B', 'C', 'D', 'E'], ['A', 'B', 'C', 'D', 'E']]",D,0.0,0.0,0.0,0.0,0.0,0.0,0.0,0.0,0.0,0.0,0.0,0.0,0.0,0.0,0.0,0.0,0.0,0.0,0.0,0.0,0.0
4275,We should abandon speed limit enforcement,"[['A', 'B', 'C', 'D', 'E'], ['A', 'B', 'C', 'D', 'E']]",E,1.0,1.0,1.0,1.0,1.0,1.0,1.0,1.0,1.0,1.0,1.0,1.0,1.0,1.0,1.0,1.0,1.0,1.0,1.0,1.0,0.0
3415,We should abandon the sexual revolution,"[['A', 'B', 'C', 'D', 'E'], ['A', 'B', 'C', 'D', 'E']]",A,1.0,1.0,1.0,1.0,1.0,1.0,1.0,1.0,1.0,1.0,1.0,1.0,1.0,1.0,1.0,1.0,1.0,1.0,1.0,1.0,0.0
3415,We should abandon the sexual revolution,"[['A', 'B', 'C', 'D', 'E'], ['A', 'B', 'C', 'D', 'E']]",B,0.4,0.4,0.4,0.4,0.4,0.4,0.4,0.4,0.4,0.4,0.4,0.4,0.4,0.4,0.4,0.4,0.4,0.4,0.4,0.4,0.0
3415,We should abandon the sexual revolution,"[['A', 'B', 'C', 'D', 'E'], ['A', 'B', 'C', 'D', 'E']]",C,0.79,0.79,0.79,0.79,0.79,0.79,0.79,0.79,0.79,0.79,0.79,0.79,0.79,0.79,0.79,0.79,0.79,0.79,0.79,0.79,0.0
3415,We should abandon the sexual revolution,"[['A', 'B', 'C', 'D', 'E'], ['A', 'B', 'C', 'D', 'E']]",D,0.0,0.0,0.0,0.0,0.0,0.0,0.0,0.0,0.0,0.0,0.0,0.0,0.0,0.0,0.0,0.0,0.0,0.0,0.0,0.0,0.0
3415,We should abandon the sexual revolution,"[['A', 'B', 'C', 'D', 'E'], ['A', 'B', 'C', 'D', 'E']]",E,1.0,1.0,1.0,1.0,1.0,1.0,1.0,1.0,1.0,1.0,1.0,1.0,1.0,1.0,1.0,1.0,1.0,1.0,1.0,1.0,0.0
3273,We should abolish judicial activism,"[['A', 'B', 'C', 'D', 'E'], ['A', 'B', 'C', 'D', 'E']]",A,1.0,1.0,1.0,1.0,1.0,1.0,1.0,1.0,1.0,1.0,1.0,1.0,1.0,1.0,1.0,1.0,1.0,1.0,1.0,1.0,0.0
3273,We should abolish judicial activism,"[['A', 'B', 'C', 'D', 'E'], ['A', 'B', 'C', 'D', 'E']]",B,0.18,0.18,0.18,0.18,0.18,0.18,0.18,0.18,0.18,0.18,0.18,0.18,0.18,0.18,0.18,0.18,0.18,0.18,0.18,0.18,0.0
3273,We should abolish judicial activism,"[['A', 'B', 'C', 'D', 'E'], ['A', 'B', 'C', 'D', 'E']]",C,0.94,0.94,0.94,0.94,0.94,0.94,0.94,0.94,0.94,0.94,0.94,0.94,0.94,0.94,0.94,0.94,0.94,0.94,0.94,0.94,0.0
3273,We should abolish judicial activism,"[['A', 'B', 'C', 'D', 'E'], ['A', 'B', 'C', 'D', 'E']]",D,0.11,0.11,0.11,0.11,0.11,0.11,0.11,0.11,0.11,0.11,0.11,0.11,0.11,0.11,0.11,0.11,0.11,0.11,0.11,0.11,0.0
3273,We should abolish judicial activism,"[['A', 'B', 'C', 'D', 'E'], ['A', 'B', 'C', 'D', 'E']]",E,1.0,1.0,1.0,1.0,1.0,1.0,1.0,1.0,1.0,1.0,1.0,1.0,1.0,1.0,1.0,1.0,1.0,1.0,1.0,1.0,0.0
3636,We should ban billboards,"[['A', 'B', 'C', 'D', 'E'], ['A', 'B', 'C', 'D', 'E']]",A,1.0,1.0,1.0,1.0,1.0,1.0,1.0,1.0,1.0,1.0,1.0,1.0,1.0,1.0,1.0,1.0,1.0,1.0,1.0,1.0,0.0
3636,We should ban billboards,"[['A', 'B', 'C', 'D', 'E'], ['A', 'B', 'C', 'D', 'E']]",B,0.53,0.53,0.53,0.53,0.53,0.53,0.53,0.53,0.53,0.53,0.53,0.53,0.53,0.53,0.53,0.53,0.53,0.53,0.53,0.53,0.0
3636,We should ban billboards,"[['A', 'B', 'C', 'D', 'E'], ['A', 'B', 'C', 'D', 'E']]",C,0.9,0.9,0.9,0.9,0.9,0.9,0.9,0.9,0.9,0.9,0.9,0.9,0.9,0.9,0.9,0.9,0.9,0.9,0.9,0.9,0.0
3636,We should ban billboards,"[['A', 'B', 'C', 'D', 'E'], ['A', 'B', 'C', 'D', 'E']]",D,0.05,0.05,0.05,0.05,0.05,0.05,0.05,0.05,0.05,0.05,0.05,0.05,0.05,0.05,0.05,0.05,0.05,0.05,0.05,0.05,0.0
3636,We should ban billboards,"[['A', 'B', 'C', 'D', 'E'], ['A', 'B', 'C', 'D', 'E']]",E,1.0,1.0,1.0,1.0,1.0,1.0,1.0,1.0,1.0,1.0,1.0,1.0,1.0,1.0,1.0,1.0,1.0,1.0,1.0,1.0,0.0
2765,We should ban media conglomerates,"[['A', 'B', 'C', 'D', 'E'], ['A', 'B', 'C', 'D', 'E']]",A,1.0,1.0,1.0,1.0,1.0,1.0,1.0,1.0,1.0,1.0,1.0,1.0,1.0,1.0,1.0,1.0,1.0,1.0,1.0,1.0,0.0
2765,We should ban media conglomerates,"[['A', 'B', 'C', 'D', 'E'], ['A', 'B', 'C', 'D', 'E']]",B,0.83,0.83,0.83,0.83,0.83,0.83,0.83,0.83,0.83,0.83,0.83,0.83,0.83,0.83,0.83,0.83,0.83,0.83,0.83,0.83,0.0
2765,We should ban media conglomerates,"[['A', 'B', 'C', 'D', 'E'], ['A', 'B', 'C', 'D', 'E']]",C,0.89,0.89,0.89,0.89,0.89,0.89,0.89,0.89,0.89,0.89,0.89,0.89,0.89,0.89,0.89,0.89,0.89,0.89,0.89,0.89,0.0
2765,We should ban media conglomerates,"[['A', 'B', 'C', 'D', 'E'], ['A', 'B', 'C', 'D', 'E']]",D,0.17,0.17,0.17,0.17,0.17,0.17,0.17,0.17,0.17,0.17,0.17,0.17,0.17,0.17,0.17,0.17,0.17,0.17,0.17,0.17,0.0
2765,We should ban media conglomerates,"[['A', 'B', 'C', 'D', 'E'], ['A', 'B', 'C', 'D', 'E']]",E,1.0,1.0,1.0,1.0,1.0,1.0,1.0,1.0,1.0,1.0,1.0,1.0,1.0,1.0,1.0,1.0,1.0,1.0,1.0,1.0,0.0
3750,We should increase public space,"[['A', 'B', 'C', 'D', 'E'], ['A', 'B', 'C', 'D', 'E']]",A,1.0,1.0,1.0,1.0,1.0,1.0,1.0,1.0,1.0,1.0,1.0,1.0,1.0,1.0,1.0,1.0,1.0,1.0,1.0,1.0,0.0
3750,We should increase public space,"[['A', 'B', 'C', 'D', 'E'], ['A', 'B', 'C', 'D', 'E']]",B,0.74,0.74,0.74,0.74,0.74,0.74,0.74,0.74,0.74,0.74,0.74,0.74,0.74,0.74,0.74,0.74,0.74,0.74,0.74,0.74,0.0
3750,We should increase public space,"[['A', 'B', 'C', 'D', 'E'], ['A', 'B', 'C', 'D', 'E']]",C,1.0,1.0,1.0,1.0,1.0,1.0,1.0,1.0,1.0,1.0,1.0,1.0,1.0,1.0,1.0,1.0,1.0,1.0,1.0,1.0,0.0
3750,We should increase public space,"[['A', 'B', 'C', 'D', 'E'], ['A', 'B', 'C', 'D', 'E']]",D,0.04,0.04,0.04,0.04,0.04,0.04,0.04,0.04,0.04,0.04,0.04,0.04,0.04,0.04,0.04,0.04,0.04,0.04,0.04,0.04,0.0
3750,We should increase public space,"[['A', 'B', 'C', 'D', 'E'], ['A', 'B', 'C', 'D', 'E']]",E,1.0,1.0,1.0,1.0,1.0,1.0,1.0,1.0,1.0,1.0,1.0,1.0,1.0,1.0,1.0,1.0,1.0,1.0,1.0,1.0,0.0
4124,We should increase the use of artificial insemination,"[['A', 'B', 'C', 'D', 'E'], ['A', 'B', 'C', 'D', 'E']]",A,1.0,1.0,1.0,1.0,1.0,1.0,1.0,1.0,1.0,1.0,1.0,1.0,1.0,1.0,1.0,1.0,1.0,1.0,1.0,1.0,0.0
4124,We should increase the use of artificial insemination,"[['A', 'B', 'C', 'D', 'E'], ['A', 'B', 'C', 'D', 'E']]",B,0.42,0.42,0.42,0.42,0.42,0.42,0.42,0.42,0.42,0.42,0.42,0.42,0.42,0.42,0.42,0.42,0.42,0.42,0.42,0.42,0.0
4124,We should increase the use of artificial insemination,"[['A', 'B', 'C', 'D', 'E'], ['A', 'B', 'C', 'D', 'E']]",C,0.99,0.99,0.99,0.99,0.99,0.99,0.99,0.99,0.99,0.99,0.99,0.99,0.99,0.99,0.99,0.99,0.99,0.99,0.99,0.99,0.0
4124,We should increase the use of artificial insemination,"[['A', 'B', 'C', 'D', 'E'], ['A', 'B', 'C', 'D', 'E']]",D,0.42,0.42,0.42,0.42,0.42,0.42,0.42,0.42,0.42,0.42,0.42,0.42,0.42,0.42,0.42,0.42,0.42,0.42,0.42,0.42,0.0
4124,We should increase the use of artificial insemination,"[['A', 'B', 'C', 'D', 'E'], ['A', 'B', 'C', 'D', 'E']]",E,0.99,0.99,0.99,0.99,0.99,0.99,0.99,0.99,0.99,0.99,0.99,0.99,0.99,0.99,0.99,0.99,0.99,0.99,0.99,0.99,0.0
3450,We should increase the use of credit unions,"[['A', 'B', 'C', 'D', 'E'], ['A', 'B', 'C', 'D', 'E']]",A,1.0,1.0,1.0,1.0,1.0,1.0,1.0,1.0,1.0,1.0,1.0,1.0,1.0,1.0,1.0,1.0,1.0,1.0,1.0,1.0,0.0
3450,We should increase the use of credit unions,"[['A', 'B', 'C', 'D', 'E'], ['A', 'B', 'C', 'D', 'E']]",B,0.46,0.46,0.46,0.46,0.46,0.46,0.46,0.46,0.46,0.46,0.46,0.46,0.46,0.46,0.46,0.46,0.46,0.46,0.46,0.46,0.0
3450,We should increase the use of credit unions,"[['A', 'B', 'C', 'D', 'E'], ['A', 'B', 'C', 'D', 'E']]",C,0.99,0.99,0.99,0.99,0.99,0.99,0.99,0.99,0.99,0.99,0.99,0.99,0.99,0.99,0.99,0.99,0.99,0.99,0.99,0.99,0.0
3450,We should increase the use of credit unions,"[['A', 'B', 'C', 'D', 'E'], ['A', 'B', 'C', 'D', 'E']]",D,0.02,0.02,0.02,0.02,0.02,0.02,0.02,0.02,0.02,0.02,0.02,0.02,0.02,0.02,0.02,0.02,0.02,0.02,0.02,0.02,0.0
3450,We should increase the use of credit unions,"[['A', 'B', 'C', 'D', 'E'], ['A', 'B', 'C', 'D', 'E']]",E,1.0,1.0,1.0,1.0,1.0,1.0,1.0,1.0,1.0,1.0,1.0,1.0,1.0,1.0,1.0,1.0,1.0,1.0,1.0,1.0,0.0
3202,We should introduce the alternative vote,"[['A', 'B', 'C', 'D', 'E'], ['A', 'B', 'C', 'D', 'E']]",A,1.0,1.0,1.0,1.0,1.0,1.0,1.0,1.0,1.0,1.0,1.0,1.0,1.0,1.0,1.0,1.0,1.0,1.0,1.0,1.0,0.0
3202,We should introduce the alternative vote,"[['A', 'B', 'C', 'D', 'E'], ['A', 'B', 'C', 'D', 'E']]",B,0.97,0.97,0.97,0.97,0.97,0.97,0.97,0.97,0.97,0.97,0.97,0.97,0.97,0.97,0.97,0.97,0.97,0.97,0.97,0.97,0.0
3202,We should introduce the alternative vote,"[['A', 'B', 'C', 'D', 'E'], ['A', 'B', 'C', 'D', 'E']]",C,1.0,1.0,1.0,1.0,1.0,1.0,1.0,1.0,1.0,1.0,1.0,1.0,1.0,1.0,1.0,1.0,1.0,1.0,1.0,1.0,0.0
3202,We should introduce the alternative vote,"[['A', 'B', 'C', 'D', 'E'], ['A', 'B', 'C', 'D', 'E']]",D,0.0,0.0,0.0,0.0,0.0,0.0,0.0,0.0,0.0,0.0,0.0,0.0,0.0,0.0,0.0,0.0,0.0,0.0,0.0,0.0,0.0
3202,We should introduce the alternative vote,"[['A', 'B', 'C', 'D', 'E'], ['A', 'B', 'C', 'D', 'E']]",E,1.0,1.0,1.0,1.0,1.0,1.0,1.0,1.0,1.0,1.0,1.0,1.0,1.0,1.0,1.0,1.0,1.0,1.0,1.0,1.0,0.0
3924,We should limit Hydrocarbon exploration,"[['A', 'B', 'C', 'D', 'E'], ['A', 'B', 'C', 'D', 'E']]",A,1.0,1.0,1.0,1.0,1.0,1.0,1.0,1.0,1.0,1.0,1.0,1.0,1.0,1.0,1.0,1.0,1.0,1.0,1.0,1.0,0.0
3924,We should limit Hydrocarbon exploration,"[['A', 'B', 'C', 'D', 'E'], ['A', 'B', 'C', 'D', 'E']]",B,0.34,0.34,0.34,0.34,0.34,0.34,0.34,0.34,0.34,0.34,0.34,0.34,0.34,0.34,0.34,0.34,0.34,0.34,0.34,0.34,0.0
3924,We should limit Hydrocarbon exploration,"[['A', 'B', 'C', 'D', 'E'], ['A', 'B', 'C', 'D', 'E']]",C,0.99,0.99,0.99,0.99,0.99,0.99,0.99,0.99,0.99,0.99,0.99,0.99,0.99,0.99,0.99,0.99,0.99,0.99,0.99,0.99,0.0
3924,We should limit Hydrocarbon exploration,"[['A', 'B', 'C', 'D', 'E'], ['A', 'B', 'C', 'D', 'E']]",D,0.12,0.12,0.12,0.12,0.12,0.12,0.12,0.12,0.12,0.12,0.12,0.12,0.12,0.12,0.12,0.12,0.12,0.12,0.12,0.12,0.0
3924,We should limit Hydrocarbon exploration,"[['A', 'B', 'C', 'D', 'E'], ['A', 'B', 'C', 'D', 'E']]",E,1.0,1.0,1.0,1.0,1.0,1.0,1.0,1.0,1.0,1.0,1.0,1.0,1.0,1.0,1.0,1.0,1.0,1.0,1.0,1.0,0.0
3674,We should limit judicial review,"[['A', 'B', 'C', 'D', 'E'], ['A', 'B', 'C', 'D', 'E']]",A,0.95,0.95,0.95,0.95,0.95,0.95,0.95,0.95,0.95,0.95,0.95,0.95,0.95,0.95,0.95,0.95,0.95,0.95,0.95,0.95,0.0
3674,We should limit judicial review,"[['A', 'B', 'C', 'D', 'E'], ['A', 'B', 'C', 'D', 'E']]",B,1.0,1.0,1.0,1.0,1.0,1.0,1.0,1.0,1.0,1.0,1.0,1.0,1.0,1.0,1.0,1.0,1.0,1.0,1.0,1.0,0.0
3674,We should limit judicial review,"[['A', 'B', 'C', 'D', 'E'], ['A', 'B', 'C', 'D', 'E']]",C,1.0,1.0,1.0,1.0,1.0,1.0,1.0,1.0,1.0,1.0,1.0,1.0,1.0,1.0,1.0,1.0,1.0,1.0,1.0,1.0,0.0
3674,We should limit judicial review,"[['A', 'B', 'C', 'D', 'E'], ['A', 'B', 'C', 'D', 'E']]",D,0.0,0.0,0.0,0.0,0.0,0.0,0.0,0.0,0.0,0.0,0.0,0.0,0.0,0.0,0.0,0.0,0.0,0.0,0.0,0.0,0.0
3674,We should limit judicial review,"[['A', 'B', 'C', 'D', 'E'], ['A', 'B', 'C', 'D', 'E']]",E,1.0,1.0,1.0,1.0,1.0,1.0,1.0,1.0,1.0,1.0,1.0,1.0,1.0,1.0,1.0,1.0,1.0,1.0,1.0,1.0,0.0
